equipo_tipo,total_facturado,promedio,cantidad_facturas
Laptop,227262590.8,191459.63841617524,1187
Desktop,202469761.8,159425.0092913386,1270
Celular,146304476.8,123048.34045416318,1189
Tablet,144343382.3,119095.19991749176,1212
Impresora,101724399.6,89075.65639229422,1142
