dia_semana,total_facturado,promedio,cantidad
Monday,116274900.8,134889.67610208815,862
Tuesday,121508363.1,137608.56523216306,883
Wednesday,124025276.6,135398.77358078602,916
Thursday,113620691.5,139070.61383108934,817
Friday,106396823.7,134001.03740554157,794
Saturday,122614943.9,139019.21077097507,882
Sunday,117663611.7,139082.28333333333,846
